USER STORY — Proyek Akhir Pengembangan Aplikasi Web,,,,,
Kode,Kategori Masalah,Domain,Deskripsi Permasalahan,Catatan,Rujukan Konteks Nyata
US1,Digitalisasi sistem,Bengkel motor: alur servis dan stok suku cadang,"Bengkel motor ""Laju Jaya"" melayani puluhan motor setiap hari, dan seluruhnya dicatat manual di buku: nomor antrean, keluhan pelanggan, mekanik yang menangani, serta suku cadang yang terpakai. Cara ini menimbulkan tiga persoalan. Pelanggan berulang kali menelepon hanya untuk menanyakan apakah motornya sudah selesai. Stok suku cadang kerap habis tanpa disadari karena pemakaiannya tidak terekam. Riwayat servis pelanggan lama pun hilang ketika buku catatan penuh atau rusak. Pemilik bengkel ingin memindahkan seluruh alur servis ke dalam satu sistem digital sehingga status pengerjaan dapat dipantau, pemakaian suku cadang tercatat, dan riwayat setiap kendaraan tersimpan rapi.","• Status servis berjalan bertahap: Antre, Diperiksa, Dikerjakan, Selesai, lalu Diambil.
• Setiap catatan servis memuat tanggal, plat nomor, nama pelanggan, keluhan, mekanik penanggung jawab, daftar suku cadang yang terpakai, dan biaya jasa.
• Stok suku cadang berkurang secara otomatis setiap kali dipakai, dan sistem memberi peringatan ketika stok menipis.
• Terdapat tiga peran dengan wewenang berbeda: kasir atau admin membuat order, mekanik memperbarui status, dan pemilik melihat laporan. Perbedaan wewenang inilah yang menjadi titik penerapan otorisasi.
• Peluang nilai tambah: pemberitahuan melalui WhatsApp atau email ketika motor siap diambil, serta pembuatan struk dalam bentuk PDF.","Layanan servis otomotif digital di Indonesia, misalnya Otoklix, yang menyediakan pemesanan servis, riwayat servis daring, harga yang transparan, dan informasi ketersediaan suku cadang."
US2,Portal informasi,Portal kos-kosan: direktori dan pencarian dengan verifikasi,"Informasi kos kosan di area kampus masih tersebar acak: dari grup WhatsApp, spanduk gang, hingga mulut ke mulut lewat perantara.. Pencari kos kesulitan memastikan kamar mana yang benar-benar masih kosong, sehingga tidak jarang mendatangi tempat yang ternyata sudah penuh. Di sisi lain, pemilik kos kerepotan mempromosikan kamarnya dan tetap menerima telepon meski kamarnya sudah terisi. Sebuah pengelola ingin membangun portal informasi kos yang menengahi keduanya: pemilik mendaftarkan kosnya, admin memverifikasi keabsahan pendaftaran tersebut, dan pencari dapat menyaring pilihan berdasarkan lokasi, harga, serta fasilitas sekaligus melihat ketersediaan kamar yang sebenarnya.","• Data kos memuat nama, alamat, titik koordinat, foto, harga per bulan, tipe (putra, putri, atau campur), fasilitas seperti AC, WiFi, kamar mandi dalam, dan parkir, serta jumlah kamar yang masih tersedia.
• Kos yang didaftarkan pemilik tidak langsung tampil di halaman publik, melainkan harus diverifikasi admin terlebih dahulu. Alur persetujuan inilah yang menjadi titik penerapan otorisasi, dengan tiga peran: pemilik, admin, dan pencari.
• Pencari dapat menyaring hasil, menandai kos favorit, dan menghubungi pemilik.
• Peluang nilai tambah: penggunaan API peta seperti Leaflet atau Google Maps, serta penyimpanan foto pada layanan cloud.","Marketplace dan aplikasi pencarian kos di Indonesia, misalnya Mamikos, Rukita, atau Cove, yang menampilkan ketersediaan kamar, penyaringan, peta, dan verifikasi pemilik."
US3,Pengembangan sistem baru,Tiket acara komunitas: kuota dan tiket elektronik berkode,"Sebuah komunitas kreatif rutin menggelar workshop dan pertunjukan berskala kecil. Selama ini tiket dijual melalui formulir daring yang diikuti transfer manual, lalu dikonfirmasi satu per satu lewat WhatsApp. Panitia kewalahan memeriksa bukti pembayaran dan menyiapkan daftar hadir. Yang paling merepotkan, kuota beberapa kali terlampaui karena beberapa orang membayar untuk slot yang sama tanpa panitia sempat menyadarinya. Komunitas membutuhkan sistem penjualan tiket yang menangani keseluruhan alur: membuat acara, menetapkan tipe tiket beserta kuotanya, menjual tiket, hingga memvalidasi kehadiran melalui kode tiket di pintu masuk.","• Data acara memuat judul, tanggal, lokasi, deskripsi, poster, serta beberapa tipe tiket seperti Presale, Reguler, dan VIP yang masing-masing memiliki harga dan kuota sendiri.
• Kuota berkurang secara otomatis setiap kali tiket terjual dan tidak boleh melampaui batas, sehingga penjualan berlebih tidak mungkin terjadi.
• Setiap tiket memiliki kode unik berupa QR yang divalidasi panitia pada saat peserta masuk.
• Terdapat tiga peran dengan wewenang berbeda: penyelenggara mengelola acara, panitia memindai tiket saat kedatangan, dan peserta membeli serta melihat tiketnya. Perbedaan wewenang ini menjadi titik penerapan otorisasi.
• Peluang nilai tambah: payment gateway, serta pengiriman tiket elektronik melalui email.","Platform penjualan tiket acara di Indonesia, misalnya Loket.com, GoTix, atau Tiket.com, yang menerapkan tipe tiket berkuota, tiket elektronik berkode QR, dan proses masuk berbasis pemindaian."
US4,Digitalisasi sistem,Bank sampah: Pencatatan Setoran & Saldo Otomatis,"Sebuah bank sampah tingkat RW mencatat setoran nasabah pada buku tabungan manual: jenis sampah, beratnya, dan nilainya, lalu menjumlahkan seluruhnya menjadi saldo tiap nasabah yang sewaktu-waktu dapat ditarik dalam bentuk uang. Pencatatan dengan tangan seperti ini rawan salah hitung, terlebih ketika petugas melayani banyak nasabah sekaligus. Buku tabungan pun berisiko hilang atau rusak, dan bila itu terjadi, saldo nasabah praktis tidak dapat ditelusuri kembali. Pengelola ingin mendigitalkan keseluruhan proses: petugas menimbang dan memasukkan data setoran, saldo nasabah terakumulasi secara otomatis, dan nasabah dapat memeriksa saldonya sendiri serta mengajukan penarikan.","• Setiap jenis sampah memiliki harga per kilogram yang berbeda, misalnya plastik PET, kardus, kertas, kaleng, dan botol kaca. Harga ini dapat berubah sewaktu-waktu.
• Transaksi setoran memuat tanggal, nasabah, dan rincian berupa jenis sampah dikalikan berat dikalikan harga. Totalnya masuk ke saldo nasabah sebagai catatan buku besar.
• Nasabah dapat mengajukan penarikan saldo, baik secara tunai maupun ke dompet digital.
• Terdapat tiga peran dengan wewenang berbeda: petugas memasukkan hasil timbangan, nasabah memeriksa dan menarik saldo, dan admin mengatur harga serta melihat laporan. Perbedaan wewenang ini menjadi titik penerapan otorisasi.
• Peluang nilai tambah: pencairan melalui payment gateway atau e-wallet, serta API peta untuk menampilkan titik dan jadwal penjemputan.","Startup pengelolaan sampah di Indonesia, misalnya Octopus, Rekosistem, atau Duitin, yang menerapkan setoran per kilogram, konversi menjadi poin atau saldo, dan penukaran ke e-wallet."
US5,Migrasi platform,Toko kelontong: web kasir dan manajemen stok,"Toko Kelontong ""Berkah"" masih mencatat penjualannya di dua tempat berbeda: sebagian di buku catatan, sebagian lagi di HP. Akibatnya stok kerap tidak sesuai dengan barang yang benar-benar ada di rak, pemilik tidak mengetahui barang mana yang paling laku, dan penyusunan laporan harian menjadi pekerjaan yang melelahkan setiap malam. Pemilik ingin berpindah dari catatan yang tercerai-berai itu ke satu sistem kasir berbasis web yang menyatukan katalog produk beserta stoknya, pencatatan transaksi, peringatan ketika stok menipis, dan laporan penjualan harian.","• Data produk memuat nama, kategori, harga jual, dan stok. Harga dapat berubah sewaktu-waktu.
• Setiap transaksi mengurangi stok secara otomatis, dan sistem memberi peringatan ketika stok turun di bawah ambang tertentu.
• Laporan sekurang-kurangnya menampilkan omzet harian dan daftar produk terlaris.
• Terdapat dua peran dengan wewenang berbeda: pemilik mengelola produk dan melihat laporan, sedangkan kasir hanya menjalankan transaksi. Perbedaan wewenang ini menjadi titik penerapan otorisasi.
• Peluang nilai tambah: pembayaran QRIS atau payment gateway, pemindaian barcode, dan ekspor laporan.","Aplikasi kasir dan pencatatan keuangan UMKM di Indonesia, misalnya BukuWarung, Kasir Pintar, majoo, atau Qasir, yang menyediakan kasir, stok waktu nyata, peringatan stok, dan laporan penjualan."
US6,Rebranding,Web Thrift Store: etalase barang unik berstok tunggal,"Sebuah usaha thrift yang menjual pakaian bekas layak pakai berjualan melalui Instagram dan marketplace. Setiap kali mengunggah barang, item yang bagus langsung diperebutkan di kolom komentar, dan tidak jarang timbul perselisihan mengenai siapa yang lebih dahulu membeli barang yang sama. Mayoritas pembelinya berusia 18 sampai 30 tahun. Pemilik ingin melakukan penjenamaan ulang sekaligus membangun etalase web sendiri yang sesuai dengan karakter khas usaha thrift, yaitu setiap barang bersifat unik dan hanya tersedia satu, bukan produk massal yang jumlahnya banyak.","• Setiap barang bersifat unik dan memiliki satu set foto, ukuran, kondisi, serta harga, dengan stok selalu bernilai satu. Setelah terbeli, statusnya berubah menjadi terjual dan tidak dapat dibeli orang kedua.
• Sistem harus menangani kemungkinan dua pembeli memproses barang yang sama pada waktu berdekatan, sehingga hanya satu yang berhasil.
• Pembeli dapat menandai barang yang diminati dan memberi ulasan setelah pembelian selesai.
• Terdapat dua peran dengan wewenang berbeda: admin mengelola barang dan pesanan, sedangkan pembeli berbelanja dan memberi ulasan. Perbedaan wewenang ini menjadi titik penerapan otorisasi.
• Peluang nilai tambah: payment gateway, masuk melalui akun Google, dan API pengecekan ongkos kirim.","Tren thrifting dan preloved fashion di Indonesia, termasuk komunitas thrift serta penjual di Shopee, Tokopedia, dan TikTok Shop yang mulai membangun etalase mandiri."